짠물투,메두사,땅볼유도,퀄리티 스타터,팀이 밉다,방화범
고영표,백정현,요키시,고영표,카펜터,김대우
요키시,미란다,고영표,미란다,원태인,이태양
백정현,뷰캐넌,뷰캐넌,뷰캐넌,폰트,김건태
원태인,요키시,루친스키,박세웅,임기영,김현준
박세웅,임기영,데스파이네,데스파이네,켈리,박웅
,,박세웅,루친스키,스트레일리,박진태
,,원태인,원태인,,안인산
,,켈리,킹엄,,조제영
,,김민우,켈리,,윤산흠
,,킹엄,백정현,,배재준
,,카펜터,요키시,,손정욱
,,,최원준,,오석주
,,,폰트,,노경은
,,,,,강동연
,,,,,박정수
,,,,,김현수
,,,,,유재유
,,,,,변시원
,,,,,서균
,,,,,하준호
,,,,,장시환
,,,,,박세웅
,,,,,오현택
,,,,,강윤구
,,,,,이채호
,,,,,김세현
,,,,,정성종
,,,,,김동우
,,,,,이상동
,,,,,김유영
,,,,,김태현
,,,,,한승혁
,,,,,이인복
,,,,,소이현
,,,,,박진형
,,,,,박준표
,,,,,정수민
,,,,,나균안
,,,,,고영창
,,,,,김성진
,,,,,서덕원
,,,,,김윤수
,,,,,이승관
,,,,,이승재
,,,,,이충호
,,,,,이강준
,,,,,장필준
,,,,,이승현
,,,,,김선기
,,,,,오주원
,,,,,송재영
,,,,,김진성
,,,,,신정락
